"","dist_year","dist_type","grove_name","unit_name","landowner","hectares","id"
"1",1985,"undetected_change","Converse Mountain","Giant Sequoia National Monument","US Forest Service",0.4,"1985CONVERSE"
"2",1986,"lowsev_fire","Garfield","Sequoia and Kings Canyon National Parks","National Park Service",60.8,"1986CAMPCREE"
"3",1986,"lowsev_fire","Muir","Sequoia and Kings Canyon National Parks","National Park Service",5.7,"1986MUIR_GRO"
"4",1986,"modsev_fire","Garfield","Sequoia and Kings Canyon National Parks","National Park Service",2,"1986CAMPCREE"
"5",1986,"undetected_change","Garfield","Sequoia and Kings Canyon National Parks","National Park Service",74,"1986CAMPCREE"
"6",1986,"undetected_change","Muir","Sequoia and Kings Canyon National Parks","National Park Service",16.8,"1986MUIR_GRO"
"7",1987,"highsev_fire","Monache Tubs","Bureau of Land Management","Bureau of Land Management",0,"1987CASE"
"8",1987,"highsev_fire","Nutmeg","Bureau of Land Management","Bureau of Land Management",0,"1987CASE"
"9",1987,"highsev_fire","Redwood Mountain","Sequoia and Kings Canyon National Parks","National Park Service",2.7,"1987PIERCE"
"10",1987,"highsev_fire","Coffee Pot","Private","Private",0.8,"1987CASE"
"11",1987,"highsev_fire","Ladybug","Private","Private",0,"1987CASE"
"12",1987,"highsev_fire","Monache Tubs","Private","Private",2.7,"1987CASE"
"13",1987,"highsev_fire","Nutmeg","Private","Private",0.9,"1987CASE"
"14",1987,"highsev_fire","Salt Creek Ridge","Private","Private",1.7,"1987CASE"
"15",1987,"highsev_fire","Redwood Mountain","Giant Sequoia National Monument","US Forest Service",0.1,"1987PIERCE"
"16",1987,"lowsev_fire","Case Mountain","Bureau of Land Management","Bureau of Land Management",8.4,"1987CASE"
"17",1987,"lowsev_fire","Coffee Pot","Bureau of Land Management","Bureau of Land Management",0.5,"1987CASE"
"18",1987,"lowsev_fire","Ladybug","Bureau of Land Management","Bureau of Land Management",0.4,"1987CASE"
"19",1987,"lowsev_fire","Monache Tubs","Bureau of Land Management","Bureau of Land Management",4,"1987CASE"
"20",1987,"lowsev_fire","Nutmeg","Bureau of Land Management","Bureau of Land Management",2.8,"1987CASE"
"21",1987,"lowsev_fire","Redwood Mountain","Sequoia and Kings Canyon National Parks","National Park Service",8.4,"1987PIERCE"
"22",1987,"lowsev_fire","Coffee Pot","Private","Private",2,"1987CASE"
"23",1987,"lowsev_fire","Ladybug","Private","Private",0.1,"1987CASE"
"24",1987,"lowsev_fire","Monache Tubs","Private","Private",0.1,"1987CASE"
"25",1987,"lowsev_fire","Nutmeg","Private","Private",5.9,"1987CASE"
"26",1987,"lowsev_fire","Salt Creek Ridge","Private","Private",4.1,"1987CASE"
"27",1987,"lowsev_fire","Redwood Mountain","Giant Sequoia National Monument","US Forest Service",7,"1987PIERCE"
"28",1987,"modsev_fire","Case Mountain","Bureau of Land Management","Bureau of Land Management",0.5,"1987CASE"
"29",1987,"modsev_fire","Coffee Pot","Bureau of Land Management","Bureau of Land Management",0.1,"1987CASE"
"30",1987,"modsev_fire","Ladybug","Bureau of Land Management","Bureau of Land Management",0.2,"1987CASE"
"31",1987,"modsev_fire","Monache Tubs","Bureau of Land Management","Bureau of Land Management",0.1,"1987CASE"
"32",1987,"modsev_fire","Nutmeg","Bureau of Land Management","Bureau of Land Management",1.1,"1987CASE"
"33",1987,"modsev_fire","Redwood Mountain","Sequoia and Kings Canyon National Parks","National Park Service",5.1,"1987PIERCE"
"34",1987,"modsev_fire","Coffee Pot","Private","Private",1.2,"1987CASE"
"35",1987,"modsev_fire","Ladybug","Private","Private",0.2,"1987CASE"
"36",1987,"modsev_fire","Monache Tubs","Private","Private",0.6,"1987CASE"
"37",1987,"modsev_fire","Nutmeg","Private","Private",6.8,"1987CASE"
"38",1987,"modsev_fire","Salt Creek Ridge","Private","Private",4.2,"1987CASE"
"39",1987,"modsev_fire","Redwood Mountain","Giant Sequoia National Monument","US Forest Service",3.9,"1987PIERCE"
"40",1987,"undetected_change","Case Mountain","Bureau of Land Management","Bureau of Land Management",5.9,"1987CASE"
"41",1987,"undetected_change","Monache Tubs","Bureau of Land Management","Bureau of Land Management",2.5,"1987CASE"
"42",1987,"undetected_change","Nutmeg","Bureau of Land Management","Bureau of Land Management",5.5,"1987CASE"
"43",1987,"undetected_change","Redwood Mountain","Sequoia and Kings Canyon National Parks","National Park Service",13.4,"1987PIERCE"
"44",1987,"undetected_change","Coffee Pot","Private","Private",0.3,"1987CASE"
"45",1987,"undetected_change","Monache Tubs","Private","Private",0.1,"1987CASE"
"46",1987,"undetected_change","Nutmeg","Private","Private",3.7,"1987CASE"
"47",1987,"undetected_change","Salt Creek Ridge","Private","Private",0.2,"1987CASE"
"48",1987,"undetected_change","Redwood Mountain","Giant Sequoia National Monument","US Forest Service",6.1,"1987PIERCE"
"49",1988,"lowsev_fire","Giant Forest","Sequoia and Kings Canyon National Parks","National Park Service",4.5,"1988BUCKEYE"
"50",1988,"modsev_fire","Giant Forest","Sequoia and Kings Canyon National Parks","National Park Service",0,"1988BUCKEYE"
"51",1988,"undetected_change","Giant Forest","Sequoia and Kings Canyon National Parks","National Park Service",5.9,"1988BUCKEYE"
"52",1991,"highsev_fire","East Fork","Sequoia and Kings Canyon National Parks","National Park Service",1.7,"1991DEER_CRE"
"53",1991,"lowsev_fire","East Fork","Sequoia and Kings Canyon National Parks","National Park Service",139.2,"1991DEER_CRE"
"54",1991,"modsev_fire","East Fork","Sequoia and Kings Canyon National Parks","National Park Service",9,"1991DEER_CRE"
"55",1991,"undetected_change","East Fork","Sequoia and Kings Canyon National Parks","National Park Service",61.1,"1991DEER_CRE"
"56",1994,"undetected_change","Giant Forest","Sequoia and Kings Canyon National Parks","National Park Service",0.9,"1994PANTHER"
"57",1995,"highsev_fire","Castle Creek","Sequoia and Kings Canyon National Parks","National Park Service",0,"1995CASTLE_W"
"58",1995,"lowsev_fire","Castle Creek","Sequoia and Kings Canyon National Parks","National Park Service",29.3,"1995CASTLE_W"
"59",1995,"modsev_fire","Castle Creek","Sequoia and Kings Canyon National Parks","National Park Service",1,"1995CASTLE_W"
"60",1995,"undetected_change","Castle Creek","Sequoia and Kings Canyon National Parks","National Park Service",17.9,"1995CASTLE_W"
"61",1995,"undetected_change","Eden Creek","Sequoia and Kings Canyon National Parks","National Park Service",0.6,"1995EDEN_GRO"
"62",1996,"lowsev_fire","Castle Creek","Sequoia and Kings Canyon National Parks","National Park Service",7.3,"1996_CASTLECO"
"63",1996,"lowsev_fire","Redwood Meadow","Sequoia and Kings Canyon National Parks","National Park Service",6.6,"1996_CASTLECO"
"64",1996,"modsev_fire","Castle Creek","Sequoia and Kings Canyon National Parks","National Park Service",0.9,"1996_CASTLECO"
"65",1996,"modsev_fire","Redwood Meadow","Sequoia and Kings Canyon National Parks","National Park Service",0.7,"1996_CASTLECO"
"66",1996,"undetected_change","Castle Creek","Sequoia and Kings Canyon National Parks","National Park Service",5.2,"1996_CASTLECO"
"67",1996,"undetected_change","Redwood Meadow","Sequoia and Kings Canyon National Parks","National Park Service",2.8,"1996_CASTLECO"
"68",1997,"undetected_change","Giant Forest","Sequoia and Kings Canyon National Parks","National Park Service",0.9,"1997AMPHITHEA"
"69",1999,"undetected_change","New Oriole Lake","Sequoia and Kings Canyon National Parks","National Park Service",0.3,"1999CONIFER"
"70",2002,"lowsev_fire","Giant Forest","Sequoia and Kings Canyon National Parks","National Park Service",0.3,"2002CIRCLE"
"71",2002,"undetected_change","Giant Forest","Sequoia and Kings Canyon National Parks","National Park Service",5.6,"2002CIRCLE"
"72",2003,"highsev_fire","Giant Forest","Sequoia and Kings Canyon National Parks","National Park Service",0,"2003GIANT"
"73",2003,"lowsev_fire","Giant Forest","Sequoia and Kings Canyon National Parks","National Park Service",46.8,"2003GIANT"
"74",2003,"modsev_fire","Giant Forest","Sequoia and Kings Canyon National Parks","National Park Service",2.1,"2003GIANT"
"75",2003,"undetected_change","Giant Forest","Sequoia and Kings Canyon National Parks","National Park Service",40.1,"2003GIANT"
"76",2006,"lowsev_fire","Mountain Home","Mountain Home Demonstration State Forest","Mountain Home Demonstration State Forest",0.3,"2006BROWN"
"77",2006,"lowsev_fire","Redwood Mountain","Sequoia and Kings Canyon National Parks","National Park Service",0,"2006GOLIATH"
"78",2006,"undetected_change","Mountain Home","Mountain Home Demonstration State Forest","Mountain Home Demonstration State Forest",0.4,"2006BROWN"
"79",2006,"undetected_change","Redwood Mountain","Sequoia and Kings Canyon National Parks","National Park Service",0.2,"2006GOLIATH"
"80",2008,"highsev_fire","Skagway","Sequoia and Kings Canyon National Parks","National Park Service",0.2,"2008HIDDEN"
"81",2008,"lowsev_fire","Skagway","Sequoia and Kings Canyon National Parks","National Park Service",3.4,"2008HIDDEN"
"82",2008,"modsev_fire","Skagway","Sequoia and Kings Canyon National Parks","National Park Service",0.7,"2008HIDDEN"
"83",2008,"undetected_change","Skagway","Sequoia and Kings Canyon National Parks","National Park Service",1.2,"2008HIDDEN"
"84",2009,"lowsev_fire","Lost","Sequoia and Kings Canyon National Parks","National Park Service",0.1,"2009LOST_GRO"
"85",2009,"undetected_change","Lost","Sequoia and Kings Canyon National Parks","National Park Service",2.8,"2009LOST_GRO"
"86",2010,"lowsev_fire","Monarch","Giant Sequoia National Monument","US Forest Service",2.7,"2010SHEEP_CO"
"87",2010,"modsev_fire","Monarch","Giant Sequoia National Monument","US Forest Service",0.2,"2010SHEEP_CO"
"88",2010,"undetected_change","Monarch","Giant Sequoia National Monument","US Forest Service",0.2,"2010SHEEP_CO"
"89",2011,"lowsev_fire","Long Meadow","Giant Sequoia National Monument","US Forest Service",3.7,"2011GIANT"
"90",2011,"modsev_fire","Long Meadow","Giant Sequoia National Monument","US Forest Service",1.1,"2011GIANT"
"91",2011,"undetected_change","Long Meadow","Giant Sequoia National Monument","US Forest Service",1.1,"2011GIANT"
"92",2013,"lowsev_fire","Tuolumne","Yosemite National Park","National Park Service",6.5,"2013RIM"
"93",2013,"undetected_change","Tuolumne","Yosemite National Park","National Park Service",3.7,"2013RIM"
"94",2015,"highsev_fire","General Grant","Sequoia and Kings Canyon National Parks","National Park Service",3.1,"2015ROUGH"
"95",2015,"highsev_fire","Abbott","Giant Sequoia National Monument","US Forest Service",0,"2015ROUGH"
"96",2015,"highsev_fire","Agnew","Giant Sequoia National Monument","US Forest Service",0.9,"2015ROUGH"
"97",2015,"highsev_fire","Cabin Creek","Giant Sequoia National Monument","US Forest Service",6,"2015ROUGH"
"98",2015,"highsev_fire","Cherry Gap","Giant Sequoia National Monument","US Forest Service",2,"2015ROUGH"
"99",2015,"highsev_fire","Converse Basin","Giant Sequoia National Monument","US Forest Service",55.8,"2015ROUGH"
"100",2015,"highsev_fire","Converse Mountain","Giant Sequoia National Monument","US Forest Service",12.9,"2015ROUGH"
"101",2015,"highsev_fire","Converse Saddle","Giant Sequoia National Monument","US Forest Service",0.5,"2015ROUGH"
"102",2015,"highsev_fire","Deer Meadow","Giant Sequoia National Monument","US Forest Service",1.5,"2015ROUGH"
"103",2015,"highsev_fire","Evans","Giant Sequoia National Monument","US Forest Service",62.4,"2015ROUGH"
"104",2015,"highsev_fire","General Grant","Giant Sequoia National Monument","US Forest Service",5.1,"2015ROUGH"
"105",2015,"highsev_fire","Hoist Ridge","Giant Sequoia National Monument","US Forest Service",5.6,"2015ROUGH"
"106",2015,"highsev_fire","Kennedy","Giant Sequoia National Monument","US Forest Service",10.8,"2015ROUGH"
"107",2015,"highsev_fire","Little Boulder","Giant Sequoia National Monument","US Forest Service",0.2,"2015ROUGH"
"108",2015,"highsev_fire","Lockwood","Giant Sequoia National Monument","US Forest Service",10.8,"2015ROUGH"
"109",2015,"highsev_fire","Verplank","Giant Sequoia National Monument","US Forest Service",4.2,"2015ROUGH"
"110",2015,"lowsev_fire","General Grant","Sequoia and Kings Canyon National Parks","National Park Service",10.2,"2015ROUGH"
"111",2015,"lowsev_fire","Abbott","Giant Sequoia National Monument","US Forest Service",0.2,"2015ROUGH"
"112",2015,"lowsev_fire","Agnew","Giant Sequoia National Monument","US Forest Service",0.1,"2015ROUGH"
"113",2015,"lowsev_fire","Boulder Creek","Giant Sequoia National Monument","US Forest Service",6.9,"2015ROUGH"
"114",2015,"lowsev_fire","Cabin Creek","Giant Sequoia National Monument","US Forest Service",25.8,"2015ROUGH"
"115",2015,"lowsev_fire","Cherry Gap","Giant Sequoia National Monument","US Forest Service",7.2,"2015ROUGH"
"116",2015,"lowsev_fire","Converse Basin","Giant Sequoia National Monument","US Forest Service",199.8,"2015ROUGH"
"117",2015,"lowsev_fire","Converse Saddle","Giant Sequoia National Monument","US Forest Service",4.6,"2015ROUGH"
"118",2015,"lowsev_fire","Deer Meadow","Giant Sequoia National Monument","US Forest Service",4.8,"2015ROUGH"
"119",2015,"lowsev_fire","Evans","Giant Sequoia National Monument","US Forest Service",116.4,"2015ROUGH"
"120",2015,"lowsev_fire","General Grant","Giant Sequoia National Monument","US Forest Service",5.9,"2015ROUGH"
"121",2015,"lowsev_fire","Hoist Ridge","Giant Sequoia National Monument","US Forest Service",5.5,"2015ROUGH"
"122",2015,"lowsev_fire","Indian Basin","Giant Sequoia National Monument","US Forest Service",0.6,"2015ROUGH"
"123",2015,"lowsev_fire","Kennedy","Giant Sequoia National Monument","US Forest Service",28.7,"2015ROUGH"
"124",2015,"lowsev_fire","Little Boulder","Giant Sequoia National Monument","US Forest Service",17.7,"2015ROUGH"
"125",2015,"lowsev_fire","Lockwood","Giant Sequoia National Monument","US Forest Service",7.2,"2015ROUGH"
"126",2015,"lowsev_fire","Verplank","Giant Sequoia National Monument","US Forest Service",3.6,"2015ROUGH"
"127",2015,"modsev_fire","General Grant","Sequoia and Kings Canyon National Parks","National Park Service",9.3,"2015ROUGH"
"128",2015,"modsev_fire","Abbott","Giant Sequoia National Monument","US Forest Service",3.1,"2015ROUGH"
"129",2015,"modsev_fire","Agnew","Giant Sequoia National Monument","US Forest Service",3.1,"2015ROUGH"
"130",2015,"modsev_fire","Boulder Creek","Giant Sequoia National Monument","US Forest Service",2.9,"2015ROUGH"
"131",2015,"modsev_fire","Cabin Creek","Giant Sequoia National Monument","US Forest Service",27.9,"2015ROUGH"
"132",2015,"modsev_fire","Cherry Gap","Giant Sequoia National Monument","US Forest Service",15.7,"2015ROUGH"
"133",2015,"modsev_fire","Converse Basin","Giant Sequoia National Monument","US Forest Service",192.5,"2015ROUGH"
"134",2015,"modsev_fire","Converse Mountain","Giant Sequoia National Monument","US Forest Service",0.6,"2015ROUGH"
"135",2015,"modsev_fire","Converse Saddle","Giant Sequoia National Monument","US Forest Service",4.3,"2015ROUGH"
"136",2015,"modsev_fire","Deer Meadow","Giant Sequoia National Monument","US Forest Service",18.7,"2015ROUGH"
"137",2015,"modsev_fire","Evans","Giant Sequoia National Monument","US Forest Service",204.2,"2015ROUGH"
"138",2015,"modsev_fire","General Grant","Giant Sequoia National Monument","US Forest Service",9.1,"2015ROUGH"
"139",2015,"modsev_fire","Hoist Ridge","Giant Sequoia National Monument","US Forest Service",8,"2015ROUGH"
"140",2015,"modsev_fire","Indian Basin","Giant Sequoia National Monument","US Forest Service",0.1,"2015ROUGH"
"141",2015,"modsev_fire","Kennedy","Giant Sequoia National Monument","US Forest Service",33.8,"2015ROUGH"
"142",2015,"modsev_fire","Little Boulder","Giant Sequoia National Monument","US Forest Service",10,"2015ROUGH"
"143",2015,"modsev_fire","Lockwood","Giant Sequoia National Monument","US Forest Service",8.6,"2015ROUGH"
"144",2015,"modsev_fire","Verplank","Giant Sequoia National Monument","US Forest Service",2.9,"2015ROUGH"
"145",2015,"undetected_change","General Grant","Sequoia and Kings Canyon National Parks","National Park Service",3.3,"2015ROUGH"
"146",2015,"undetected_change","Boulder Creek","Giant Sequoia National Monument","US Forest Service",0.4,"2015ROUGH"
"147",2015,"undetected_change","Cabin Creek","Giant Sequoia National Monument","US Forest Service",0.8,"2015ROUGH"
"148",2015,"undetected_change","Cherry Gap","Giant Sequoia National Monument","US Forest Service",0.8,"2015ROUGH"
"149",2015,"undetected_change","Converse Basin","Giant Sequoia National Monument","US Forest Service",119.1,"2015ROUGH"
"150",2015,"undetected_change","Deer Meadow","Giant Sequoia National Monument","US Forest Service",0.2,"2015ROUGH"
"151",2015,"undetected_change","Evans","Giant Sequoia National Monument","US Forest Service",4.8,"2015ROUGH"
"152",2015,"undetected_change","General Grant","Giant Sequoia National Monument","US Forest Service",0.4,"2015ROUGH"
"153",2015,"undetected_change","Hoist Ridge","Giant Sequoia National Monument","US Forest Service",1.1,"2015ROUGH"
"154",2015,"undetected_change","Little Boulder","Giant Sequoia National Monument","US Forest Service",2.7,"2015ROUGH"
"155",2015,"undetected_change","Lockwood","Giant Sequoia National Monument","US Forest Service",0,"2015ROUGH"
"156",2016,"highsev_fire","Middle Tule","Mountain Home Demonstration State Forest","Mountain Home Demonstration State Forest",0.1,"2016HIDDEN"
"157",2016,"lowsev_fire","Maggie Mountain","Mountain Home Demonstration State Forest","Mountain Home Demonstration State Forest",0.3,"2016HIDDEN"
"158",2016,"lowsev_fire","Middle Tule","Mountain Home Demonstration State Forest","Mountain Home Demonstration State Forest",8.5,"2016HIDDEN"
"159",2016,"lowsev_fire","Burro Creek","Giant Sequoia National Monument","US Forest Service",0.2,"2016HIDDEN"
"160",2016,"lowsev_fire","Cunningham","Giant Sequoia National Monument","US Forest Service",3.2,"2016MEADOW"
"161",2016,"lowsev_fire","Long Meadow","Giant Sequoia National Monument","US Forest Service",1.9,"2016MEADOW"
"162",2016,"lowsev_fire","Maggie Mountain","Giant Sequoia National Monument","US Forest Service",3.7,"2016HIDDEN"
"163",2016,"lowsev_fire","Middle Tule","Giant Sequoia National Monument","US Forest Service",15.1,"2016HIDDEN"
"164",2016,"modsev_fire","Maggie Mountain","Mountain Home Demonstration State Forest","Mountain Home Demonstration State Forest",0.1,"2016HIDDEN"
"165",2016,"modsev_fire","Middle Tule","Mountain Home Demonstration State Forest","Mountain Home Demonstration State Forest",1.2,"2016HIDDEN"
"166",2016,"modsev_fire","Cunningham","Giant Sequoia National Monument","US Forest Service",0.9,"2016MEADOW"
"167",2016,"modsev_fire","Long Meadow","Giant Sequoia National Monument","US Forest Service",0.2,"2016MEADOW"
"168",2016,"modsev_fire","Maggie Mountain","Giant Sequoia National Monument","US Forest Service",0.4,"2016HIDDEN"
"169",2016,"modsev_fire","Middle Tule","Giant Sequoia National Monument","US Forest Service",1.8,"2016HIDDEN"
"170",2016,"undetected_change","Maggie Mountain","Mountain Home Demonstration State Forest","Mountain Home Demonstration State Forest",0,"2016HIDDEN"
"171",2016,"undetected_change","Middle Tule","Mountain Home Demonstration State Forest","Mountain Home Demonstration State Forest",36,"2016HIDDEN"
"172",2016,"undetected_change","Burro Creek","Giant Sequoia National Monument","US Forest Service",4,"2016HIDDEN"
"173",2016,"undetected_change","Cunningham","Giant Sequoia National Monument","US Forest Service",0,"2016MEADOW"
"174",2016,"undetected_change","Long Meadow","Giant Sequoia National Monument","US Forest Service",1.1,"2016MEADOW"
"175",2016,"undetected_change","Maggie Mountain","Giant Sequoia National Monument","US Forest Service",6.1,"2016HIDDEN"
"176",2016,"undetected_change","Middle Tule","Giant Sequoia National Monument","US Forest Service",13,"2016HIDDEN"
"177",2016,"undetected_change","Silver Creek","Giant Sequoia National Monument","US Forest Service",0,"2016HIDDEN"
"178",2017,"highsev_fire","Black Mountain","Private","Private",4.5,"2017PIER"
"179",2017,"highsev_fire","Nelder","Private","Private",3.5,"2017RAILROAD"
"180",2017,"highsev_fire","Alder Creek","Giant Sequoia National Monument","US Forest Service",0,"2017PIER"
"181",2017,"highsev_fire","Black Mountain","Giant Sequoia National Monument","US Forest Service",85.8,"2017PIER"
"182",2017,"highsev_fire","Nelder","Sierra National Forest","US Forest Service",20.9,"2017RAILROAD"
"183",2017,"lowsev_fire","Alder Creek","Save the Redwoods League","Nonprofit",0.7,"2017PIER"
"184",2017,"lowsev_fire","Alder Creek","Private","Private",0.6,"2017PIER"
"185",2017,"lowsev_fire","Black Mountain","Private","Private",4.5,"2017PIER"
"186",2017,"lowsev_fire","Alder Creek","Giant Sequoia National Monument","US Forest Service",8.4,"2017PIER"
"187",2017,"lowsev_fire","Black Mountain","Giant Sequoia National Monument","US Forest Service",166.5,"2017PIER"
"188",2017,"lowsev_fire","Nelder","Sierra National Forest","US Forest Service",46.3,"2017RAILROAD"
"189",2017,"modsev_fire","Alder Creek","Save the Redwoods League","Nonprofit",0.2,"2017PIER"
"190",2017,"modsev_fire","Black Mountain","Private","Private",6.3,"2017PIER"
"191",2017,"modsev_fire","Alder Creek","Giant Sequoia National Monument","US Forest Service",1.7,"2017PIER"
"192",2017,"modsev_fire","Black Mountain","Giant Sequoia National Monument","US Forest Service",224,"2017PIER"
"193",2017,"modsev_fire","Nelder","Sierra National Forest","US Forest Service",38.8,"2017RAILROAD"
"194",2017,"undetected_change","Alder Creek","Save the Redwoods League","Nonprofit",0.1,"2017PIER"
"195",2017,"undetected_change","Alder Creek","Private","Private",0.1,"2017PIER"
"196",2017,"undetected_change","Black Mountain","Private","Private",1.9,"2017PIER"
"197",2017,"undetected_change","Alder Creek","Giant Sequoia National Monument","US Forest Service",0.4,"2017PIER"
"198",2017,"undetected_change","Black Mountain","Giant Sequoia National Monument","US Forest Service",5.2,"2017PIER"
"199",2017,"undetected_change","Nelder","Sierra National Forest","US Forest Service",3.8,"2017RAILROAD"
"200",2018,"highsev_fire","Silver Creek","Mountain Home Demonstration State Forest","Mountain Home Demonstration State Forest",0.8,"2018ALDER"
"201",2018,"highsev_fire","Eden Creek","Sequoia and Kings Canyon National Parks","National Park Service",0,"2018EDEN"
"202",2018,"highsev_fire","Burro Creek","Giant Sequoia National Monument","US Forest Service",0.1,"2018ALDER"
"203",2018,"highsev_fire","Silver Creek","Giant Sequoia National Monument","US Forest Service",0.4,"2018ALDER"
"204",2018,"lowsev_fire","Burro Creek","Mountain Home Demonstration State Forest","Mountain Home Demonstration State Forest",0,"2018ALDER"
"205",2018,"lowsev_fire","Maggie Mountain","Mountain Home Demonstration State Forest","Mountain Home Demonstration State Forest",0,"2018ALDER"
"206",2018,"lowsev_fire","Middle Tule","Mountain Home Demonstration State Forest","Mountain Home Demonstration State Forest",0.8,"2018ALDER"
"207",2018,"lowsev_fire","Silver Creek","Mountain Home Demonstration State Forest","Mountain Home Demonstration State Forest",5.5,"2018ALDER"
"208",2018,"lowsev_fire","Eden Creek","Sequoia and Kings Canyon National Parks","National Park Service",85.8,"2018EDEN"
"209",2018,"lowsev_fire","Giant Forest","Sequoia and Kings Canyon National Parks","National Park Service",0.1,"2018THARPS"
"210",2018,"lowsev_fire","Burro Creek","Giant Sequoia National Monument","US Forest Service",22.3,"2018ALDER"
"211",2018,"lowsev_fire","Silver Creek","Giant Sequoia National Monument","US Forest Service",8.3,"2018ALDER"
"212",2018,"lowsev_fire","Wishon","Giant Sequoia National Monument","US Forest Service",1,"2018ALDER"
"213",2018,"modsev_fire","Maggie Mountain","Mountain Home Demonstration State Forest","Mountain Home Demonstration State Forest",0,"2018ALDER"
"214",2018,"modsev_fire","Silver Creek","Mountain Home Demonstration State Forest","Mountain Home Demonstration State Forest",2.5,"2018ALDER"
"215",2018,"modsev_fire","Eden Creek","Sequoia and Kings Canyon National Parks","National Park Service",6.1,"2018EDEN"
"216",2018,"modsev_fire","Burro Creek","Giant Sequoia National Monument","US Forest Service",1.7,"2018ALDER"
"217",2018,"modsev_fire","Silver Creek","Giant Sequoia National Monument","US Forest Service",3.6,"2018ALDER"
"218",2018,"undetected_change","Maggie Mountain","Mountain Home Demonstration State Forest","Mountain Home Demonstration State Forest",0.1,"2018ALDER"
"219",2018,"undetected_change","Middle Tule","Mountain Home Demonstration State Forest","Mountain Home Demonstration State Forest",0.8,"2018ALDER"
"220",2018,"undetected_change","Silver Creek","Mountain Home Demonstration State Forest","Mountain Home Demonstration State Forest",0.8,"2018ALDER"
"221",2018,"undetected_change","Coffeepot Canyon","Sequoia and Kings Canyon National Parks","National Park Service",1,"2018EDEN"
"222",2018,"undetected_change","Eden Creek","Sequoia and Kings Canyon National Parks","National Park Service",58.3,"2018EDEN"
"223",2018,"undetected_change","Giant Forest","Sequoia and Kings Canyon National Parks","National Park Service",0.8,"2018THARPS"
"224",2018,"undetected_change","Burro Creek","Giant Sequoia National Monument","US Forest Service",21.3,"2018ALDER"
"225",2018,"undetected_change","Maggie Mountain","Giant Sequoia National Monument","US Forest Service",0,"2018ALDER"
"226",2018,"undetected_change","Silver Creek","Giant Sequoia National Monument","US Forest Service",0.7,"2018ALDER"
"227",2018,"undetected_change","Wishon","Giant Sequoia National Monument","US Forest Service",3.7,"2018ALDER"
"228",2020,"highsev_fire","Mountain Home","Tulare County","County",0.2,"2020CASTLE"
"229",2020,"highsev_fire","Middle Tule","Mountain Home Demonstration State Forest","Mountain Home Demonstration State Forest",2.3,"2020CASTLE"
"230",2020,"highsev_fire","Mountain Home","Mountain Home Demonstration State Forest","Mountain Home Demonstration State Forest",134.5,"2020CASTLE"
"231",2020,"highsev_fire","Silver Creek","Mountain Home Demonstration State Forest","Mountain Home Demonstration State Forest",0,"2020CASTLE"
"232",2020,"highsev_fire","Board Camp","Sequoia and Kings Canyon National Parks","National Park Service",17.8,"2020CASTLE"
"233",2020,"highsev_fire","Cedar Flat","Sequoia and Kings Canyon National Parks","National Park Service",0.1,"2020CASTLE"
"234",2020,"highsev_fire","Dillonwood","Sequoia and Kings Canyon National Parks","National Park Service",25.5,"2020CASTLE"
"235",2020,"highsev_fire","Forgotten","Sequoia and Kings Canyon National Parks","National Park Service",0.1,"2020CASTLE"
"236",2020,"highsev_fire","Garfield","Sequoia and Kings Canyon National Parks","National Park Service",21.8,"2020CASTLE"
"237",2020,"highsev_fire","Homers Nose","Sequoia and Kings Canyon National Parks","National Park Service",28.2,"2020CASTLE"
"238",2020,"highsev_fire","South Fork","Sequoia and Kings Canyon National Parks","National Park Service",2.5,"2020CASTLE"
"239",2020,"highsev_fire","Alder Creek","Save the Redwoods League","Nonprofit",28.7,"2020CASTLE"
"240",2020,"highsev_fire","Alder Creek","Private","Private",10.7,"2020CASTLE"
"241",2020,"highsev_fire","Belknap Camp","Private","Private",1.2,"2020CASTLE"
"242",2020,"highsev_fire","Freeman Creek","Private","Private",3.5,"2020CASTLE"
"243",2020,"highsev_fire","Mountain Home","Private","Private",0.6,"2020CASTLE"
"244",2020,"highsev_fire","Alder Creek","Giant Sequoia National Monument","US Forest Service",39.3,"2020CASTLE"
"245",2020,"highsev_fire","Belknap Camp","Giant Sequoia National Monument","US Forest Service",12.9,"2020CASTLE"
"246",2020,"highsev_fire","Carr Wilson","Giant Sequoia National Monument","US Forest Service",2.2,"2020CASTLE"
"247",2020,"highsev_fire","Dillonwood","Giant Sequoia National Monument","US Forest Service",40.3,"2020CASTLE"
"248",2020,"highsev_fire","Dillonwood - West","Giant Sequoia National Monument","US Forest Service",0.8,"2020CASTLE"
"249",2020,"highsev_fire","Freeman Creek","Giant Sequoia National Monument","US Forest Service",363.7,"2020CASTLE"
"250",2020,"highsev_fire","McIntyre","Giant Sequoia National Monument","US Forest Service",59.8,"2020CASTLE"
"251",2020,"highsev_fire","Middle Tule","Giant Sequoia National Monument","US Forest Service",2.6,"2020CASTLE"
"252",2020,"highsev_fire","Mountain Home","Giant Sequoia National Monument","US Forest Service",61.2,"2020CASTLE"
"253",2020,"highsev_fire","Wheel Meadow","Giant Sequoia National Monument","US Forest Service",185.8,"2020CASTLE"
"254",2020,"lowsev_fire","Mountain Home","Tulare County","County",29.6,"2020CASTLE"
"255",2020,"lowsev_fire","Middle Tule","Mountain Home Demonstration State Forest","Mountain Home Demonstration State Forest",34,"2020CASTLE"
"256",2020,"lowsev_fire","Mountain Home","Mountain Home Demonstration State Forest","Mountain Home Demonstration State Forest",438.3,"2020CASTLE"
"257",2020,"lowsev_fire","Silver Creek","Mountain Home Demonstration State Forest","Mountain Home Demonstration State Forest",0.1,"2020CASTLE"
"258",2020,"lowsev_fire","Board Camp","Sequoia and Kings Canyon National Parks","National Park Service",0.1,"2020CASTLE"
"259",2020,"lowsev_fire","Cedar Flat","Sequoia and Kings Canyon National Parks","National Park Service",5.1,"2020CASTLE"
"260",2020,"lowsev_fire","Clough Cave","Sequoia and Kings Canyon National Parks","National Park Service",0.5,"2020CASTLE"
"261",2020,"lowsev_fire","Dennison","Sequoia and Kings Canyon National Parks","National Park Service",3.2,"2020CASTLE"
"262",2020,"lowsev_fire","Devil's Canyon","Sequoia and Kings Canyon National Parks","National Park Service",3.3,"2020CASTLE"
"263",2020,"lowsev_fire","Dillonwood","Sequoia and Kings Canyon National Parks","National Park Service",183.3,"2020CASTLE"
"264",2020,"lowsev_fire","Forgotten","Sequoia and Kings Canyon National Parks","National Park Service",0.2,"2020CASTLE"
"265",2020,"lowsev_fire","Garfield","Sequoia and Kings Canyon National Parks","National Park Service",339.8,"2020CASTLE"
"266",2020,"lowsev_fire","Homers Nose","Sequoia and Kings Canyon National Parks","National Park Service",5.4,"2020CASTLE"
"267",2020,"lowsev_fire","Putnam-Francis Tree","Sequoia and Kings Canyon National Parks","National Park Service",0.1,"2020CASTLE"
"268",2020,"lowsev_fire","South Fork","Sequoia and Kings Canyon National Parks","National Park Service",57.2,"2020CASTLE"
"269",2020,"lowsev_fire","Alder Creek","Save the Redwoods League","Nonprofit",73.3,"2020CASTLE"
"270",2020,"lowsev_fire","Alder Creek","Private","Private",15,"2020CASTLE"
"271",2020,"lowsev_fire","Mountain Home","Private","Private",17.6,"2020CASTLE"
"272",2020,"lowsev_fire","Alder Creek","Giant Sequoia National Monument","US Forest Service",3.1,"2020CASTLE"
"273",2020,"lowsev_fire","Belknap Camp","Giant Sequoia National Monument","US Forest Service",13.6,"2020CASTLE"
"274",2020,"lowsev_fire","Burro Creek","Giant Sequoia National Monument","US Forest Service",1.9,"2020CASTLE"
"275",2020,"lowsev_fire","Carr Wilson","Giant Sequoia National Monument","US Forest Service",1.3,"2020CASTLE"
"276",2020,"lowsev_fire","Dennison","Giant Sequoia National Monument","US Forest Service",0.2,"2020CASTLE"
"277",2020,"lowsev_fire","Dillonwood","Giant Sequoia National Monument","US Forest Service",33,"2020CASTLE"
"278",2020,"lowsev_fire","Freeman Creek","Giant Sequoia National Monument","US Forest Service",81.2,"2020CASTLE"
"279",2020,"lowsev_fire","McIntyre","Giant Sequoia National Monument","US Forest Service",8.1,"2020CASTLE"
"280",2020,"lowsev_fire","Middle Tule","Giant Sequoia National Monument","US Forest Service",22.3,"2020CASTLE"
"281",2020,"lowsev_fire","Mountain Home","Giant Sequoia National Monument","US Forest Service",32.1,"2020CASTLE"
"282",2020,"lowsev_fire","Silver Creek","Giant Sequoia National Monument","US Forest Service",1.9,"2020CASTLE"
"283",2020,"lowsev_fire","Upper Tule","Giant Sequoia National Monument","US Forest Service",2.3,"2020CASTLE"
"284",2020,"lowsev_fire","Wheel Meadow","Giant Sequoia National Monument","US Forest Service",7.1,"2020CASTLE"
"285",2020,"lowsev_fire","Wishon","Giant Sequoia National Monument","US Forest Service",1.7,"2020CASTLE"
"286",2020,"modsev_fire","Mountain Home","Tulare County","County",7.4,"2020CASTLE"
"287",2020,"modsev_fire","Middle Tule","Mountain Home Demonstration State Forest","Mountain Home Demonstration State Forest",16.4,"2020CASTLE"
"288",2020,"modsev_fire","Mountain Home","Mountain Home Demonstration State Forest","Mountain Home Demonstration State Forest",197.6,"2020CASTLE"
"289",2020,"modsev_fire","Silver Creek","Mountain Home Demonstration State Forest","Mountain Home Demonstration State Forest",0.1,"2020CASTLE"
"290",2020,"modsev_fire","Board Camp","Sequoia and Kings Canyon National Parks","National Park Service",1.6,"2020CASTLE"
"291",2020,"modsev_fire","Cedar Flat","Sequoia and Kings Canyon National Parks","National Park Service",0.9,"2020CASTLE"
"292",2020,"modsev_fire","Dennison","Sequoia and Kings Canyon National Parks","National Park Service",2,"2020CASTLE"
"293",2020,"modsev_fire","Devil's Canyon","Sequoia and Kings Canyon National Parks","National Park Service",0.3,"2020CASTLE"
"294",2020,"modsev_fire","Dillonwood","Sequoia and Kings Canyon National Parks","National Park Service",64,"2020CASTLE"
"295",2020,"modsev_fire","Forgotten","Sequoia and Kings Canyon National Parks","National Park Service",0.4,"2020CASTLE"
"296",2020,"modsev_fire","Garfield","Sequoia and Kings Canyon National Parks","National Park Service",71.5,"2020CASTLE"
"297",2020,"modsev_fire","Homers Nose","Sequoia and Kings Canyon National Parks","National Park Service",14.5,"2020CASTLE"
"298",2020,"modsev_fire","Putnam-Francis Tree","Sequoia and Kings Canyon National Parks","National Park Service",0,"2020CASTLE"
"299",2020,"modsev_fire","South Fork","Sequoia and Kings Canyon National Parks","National Park Service",37.6,"2020CASTLE"
"300",2020,"modsev_fire","Alder Creek","Save the Redwoods League","Nonprofit",19.8,"2020CASTLE"
"301",2020,"modsev_fire","Alder Creek","Private","Private",7.1,"2020CASTLE"
"302",2020,"modsev_fire","Freeman Creek","Private","Private",0.2,"2020CASTLE"
"303",2020,"modsev_fire","Mountain Home","Private","Private",8.6,"2020CASTLE"
"304",2020,"modsev_fire","Alder Creek","Giant Sequoia National Monument","US Forest Service",4.1,"2020CASTLE"
"305",2020,"modsev_fire","Belknap Camp","Giant Sequoia National Monument","US Forest Service",8.3,"2020CASTLE"
"306",2020,"modsev_fire","Carr Wilson","Giant Sequoia National Monument","US Forest Service",1.9,"2020CASTLE"
"307",2020,"modsev_fire","Dennison","Giant Sequoia National Monument","US Forest Service",0,"2020CASTLE"
"308",2020,"modsev_fire","Dillonwood","Giant Sequoia National Monument","US Forest Service",9.6,"2020CASTLE"
"309",2020,"modsev_fire","Dillonwood - West","Giant Sequoia National Monument","US Forest Service",0.8,"2020CASTLE"
"310",2020,"modsev_fire","Freeman Creek","Giant Sequoia National Monument","US Forest Service",122.9,"2020CASTLE"
"311",2020,"modsev_fire","McIntyre","Giant Sequoia National Monument","US Forest Service",45,"2020CASTLE"
"312",2020,"modsev_fire","Middle Tule","Giant Sequoia National Monument","US Forest Service",7.3,"2020CASTLE"
"313",2020,"modsev_fire","Mountain Home","Giant Sequoia National Monument","US Forest Service",56.1,"2020CASTLE"
"314",2020,"modsev_fire","Silver Creek","Giant Sequoia National Monument","US Forest Service",0.1,"2020CASTLE"
"315",2020,"modsev_fire","Upper Tule","Giant Sequoia National Monument","US Forest Service",0.2,"2020CASTLE"
"316",2020,"modsev_fire","Wheel Meadow","Giant Sequoia National Monument","US Forest Service",40.7,"2020CASTLE"
"317",2020,"modsev_fire","Wishon","Giant Sequoia National Monument","US Forest Service",0.1,"2020CASTLE"
"318",2020,"undetected_change","Mountain Home","Tulare County","County",23.1,"2020CASTLE"
"319",2020,"undetected_change","Middle Tule","Mountain Home Demonstration State Forest","Mountain Home Demonstration State Forest",19.9,"2020CASTLE"
"320",2020,"undetected_change","Mountain Home","Mountain Home Demonstration State Forest","Mountain Home Demonstration State Forest",121.4,"2020CASTLE"
"321",2020,"undetected_change","Silver Creek","Mountain Home Demonstration State Forest","Mountain Home Demonstration State Forest",0.1,"2020CASTLE"
"322",2020,"undetected_change","Clough Cave","Sequoia and Kings Canyon National Parks","National Park Service",0,"2020CASTLE"
"323",2020,"undetected_change","Dillonwood","Sequoia and Kings Canyon National Parks","National Park Service",63.1,"2020CASTLE"
"324",2020,"undetected_change","Garfield","Sequoia and Kings Canyon National Parks","National Park Service",58.8,"2020CASTLE"
"325",2020,"undetected_change","South Fork","Sequoia and Kings Canyon National Parks","National Park Service",0.4,"2020CASTLE"
"326",2020,"undetected_change","Alder Creek","Save the Redwoods League","Nonprofit",8.5,"2020CASTLE"
"327",2020,"undetected_change","Alder Creek","Private","Private",6.3,"2020CASTLE"
"328",2020,"undetected_change","Mountain Home","Private","Private",4.7,"2020CASTLE"
"329",2020,"undetected_change","Alder Creek","Giant Sequoia National Monument","US Forest Service",9.2,"2020CASTLE"
"330",2020,"undetected_change","Belknap Camp","Giant Sequoia National Monument","US Forest Service",3.8,"2020CASTLE"
"331",2020,"undetected_change","Burro Creek","Giant Sequoia National Monument","US Forest Service",0.6,"2020CASTLE"
"332",2020,"undetected_change","Carr Wilson","Giant Sequoia National Monument","US Forest Service",0.1,"2020CASTLE"
"333",2020,"undetected_change","Dillonwood","Giant Sequoia National Monument","US Forest Service",6.4,"2020CASTLE"
"334",2020,"undetected_change","Freeman Creek","Giant Sequoia National Monument","US Forest Service",0.4,"2020CASTLE"
"335",2020,"undetected_change","Middle Tule","Giant Sequoia National Monument","US Forest Service",10.5,"2020CASTLE"
"336",2020,"undetected_change","Mountain Home","Giant Sequoia National Monument","US Forest Service",0.9,"2020CASTLE"
"337",2020,"undetected_change","Silver Creek","Giant Sequoia National Monument","US Forest Service",1.9,"2020CASTLE"
"338",2020,"undetected_change","Upper Tule","Giant Sequoia National Monument","US Forest Service",0.4,"2020CASTLE"
"339",2020,"undetected_change","Wishon","Giant Sequoia National Monument","US Forest Service",4.1,"2020CASTLE"
"340",2021,"highsev_fire","Atwell","Sequoia and Kings Canyon National Parks","National Park Service",10,"2021KNP_Comp"
"341",2021,"highsev_fire","Castle Creek","Sequoia and Kings Canyon National Parks","National Park Service",13.3,"2021KNP_Comp"
"342",2021,"highsev_fire","Giant Forest","Sequoia and Kings Canyon National Parks","National Park Service",4.1,"2021KNP_Comp"
"343",2021,"highsev_fire","Muir","Sequoia and Kings Canyon National Parks","National Park Service",4.8,"2021KNP_Comp"
"344",2021,"highsev_fire","New Oriole Lake","Sequoia and Kings Canyon National Parks","National Park Service",2,"2021KNP_Comp"
"345",2021,"highsev_fire","Oriole Lake","Sequoia and Kings Canyon National Parks","National Park Service",0.5,"2021KNP_Comp"
"346",2021,"highsev_fire","Pine Ridge","Sequoia and Kings Canyon National Parks","National Park Service",0.1,"2021KNP_Comp"
"347",2021,"highsev_fire","Redwood Creek","Sequoia and Kings Canyon National Parks","National Park Service",0.8,"2021KNP_Comp"
"348",2021,"highsev_fire","Redwood Mountain","Sequoia and Kings Canyon National Parks","National Park Service",224.2,"2021KNP_Comp"
"349",2021,"highsev_fire","Skagway","Sequoia and Kings Canyon National Parks","National Park Service",0.7,"2021KNP_Comp"
"350",2021,"highsev_fire","Squirrel Creek","Sequoia and Kings Canyon National Parks","National Park Service",0.2,"2021KNP_Comp"
"351",2021,"highsev_fire","Suwanee","Sequoia and Kings Canyon National Parks","National Park Service",8.3,"2021KNP_Comp"
"352",2021,"highsev_fire","Redwood Mountain","Private","Private",0,"2021KNP_Comp"
"353",2021,"highsev_fire","Redwood Mountain","Whittaker's Forest","UC Berkeley Center for Forestry",1.5,"2021KNP_Comp"
"354",2021,"highsev_fire","Deer Creek","Giant Sequoia National Monument","US Forest Service",12.1,"2021WINDY"
"355",2021,"highsev_fire","Long Meadow","Giant Sequoia National Monument","US Forest Service",27.7,"2021WINDY"
"356",2021,"highsev_fire","Packsaddle","Giant Sequoia National Monument","US Forest Service",28.8,"2021WINDY"
"357",2021,"highsev_fire","Peyrone","Giant Sequoia National Monument","US Forest Service",18.5,"2021WINDY"
"358",2021,"highsev_fire","Redhill","Giant Sequoia National Monument","US Forest Service",69.4,"2021WINDY"
"359",2021,"highsev_fire","Redwood Mountain","Giant Sequoia National Monument","US Forest Service",39.7,"2021KNP_Comp"
"360",2021,"highsev_fire","South Peyrone","Giant Sequoia National Monument","US Forest Service",5.8,"2021WINDY"
"361",2021,"highsev_fire","Starvation Creek","Giant Sequoia National Monument","US Forest Service",9.8,"2021WINDY"
"362",2021,"lowsev_fire","Atwell","Sequoia and Kings Canyon National Parks","National Park Service",99.9,"2021KNP_Comp"
"363",2021,"lowsev_fire","Big Springs","Sequoia and Kings Canyon National Parks","National Park Service",0.4,"2021KNP_Comp"
"364",2021,"lowsev_fire","Castle Creek","Sequoia and Kings Canyon National Parks","National Park Service",29.6,"2021KNP_Comp"
"365",2021,"lowsev_fire","Douglass","Sequoia and Kings Canyon National Parks","National Park Service",0.1,"2021KNP_Comp"
"366",2021,"lowsev_fire","East Fork","Sequoia and Kings Canyon National Parks","National Park Service",2.2,"2021KNP_Comp"
"367",2021,"lowsev_fire","Fenced Tree","Sequoia and Kings Canyon National Parks","National Park Service",0.2,"2021KNP_Comp"
"368",2021,"lowsev_fire","Giant Forest","Sequoia and Kings Canyon National Parks","National Park Service",119.6,"2021KNP_Comp"
"369",2021,"lowsev_fire","Lost","Sequoia and Kings Canyon National Parks","National Park Service",6,"2021KNP_Comp"
"370",2021,"lowsev_fire","Muir","Sequoia and Kings Canyon National Parks","National Park Service",69.8,"2021KNP_Comp"
"371",2021,"lowsev_fire","New Oriole Lake","Sequoia and Kings Canyon National Parks","National Park Service",1,"2021KNP_Comp"
"372",2021,"lowsev_fire","Oriole Lake","Sequoia and Kings Canyon National Parks","National Park Service",49.9,"2021KNP_Comp"
"373",2021,"lowsev_fire","Pine Ridge","Sequoia and Kings Canyon National Parks","National Park Service",11.9,"2021KNP_Comp"
"374",2021,"lowsev_fire","Redwood Creek","Sequoia and Kings Canyon National Parks","National Park Service",14.1,"2021KNP_Comp"
"375",2021,"lowsev_fire","Redwood Mountain","Sequoia and Kings Canyon National Parks","National Park Service",233.4,"2021KNP_Comp"
"376",2021,"lowsev_fire","Skagway","Sequoia and Kings Canyon National Parks","National Park Service",20.4,"2021KNP_Comp"
"377",2021,"lowsev_fire","Squirrel Creek","Sequoia and Kings Canyon National Parks","National Park Service",1.8,"2021KNP_Comp"
"378",2021,"lowsev_fire","Suwanee","Sequoia and Kings Canyon National Parks","National Park Service",0.3,"2021KNP_Comp"
"379",2021,"lowsev_fire","Black Mountain","Private","Private",3.1,"2021WINDY"
"380",2021,"lowsev_fire","Redwood Mountain","Private","Private",1.7,"2021KNP_Comp"
"381",2021,"lowsev_fire","Redwood Mountain","Whittaker's Forest","UC Berkeley Center for Forestry",62.5,"2021KNP_Comp"
"382",2021,"lowsev_fire","Black Mountain","Giant Sequoia National Monument","US Forest Service",14,"2021WINDY"
"383",2021,"lowsev_fire","Cunningham","Giant Sequoia National Monument","US Forest Service",3.1,"2021WINDY"
"384",2021,"lowsev_fire","Deer Creek","Giant Sequoia National Monument","US Forest Service",0.6,"2021WINDY"
"385",2021,"lowsev_fire","Long Meadow","Giant Sequoia National Monument","US Forest Service",11.7,"2021WINDY"
"386",2021,"lowsev_fire","Packsaddle","Giant Sequoia National Monument","US Forest Service",9.4,"2021WINDY"
"387",2021,"lowsev_fire","Peyrone","Giant Sequoia National Monument","US Forest Service",23.1,"2021WINDY"
"388",2021,"lowsev_fire","Powderhorn Tree","Giant Sequoia National Monument","US Forest Service",0.1,"2021WINDY"
"389",2021,"lowsev_fire","Redhill","Giant Sequoia National Monument","US Forest Service",18.1,"2021WINDY"
"390",2021,"lowsev_fire","Redwood Mountain","Giant Sequoia National Monument","US Forest Service",27.3,"2021KNP_Comp"
"391",2021,"lowsev_fire","South Peyrone","Giant Sequoia National Monument","US Forest Service",0.3,"2021WINDY"
"392",2021,"modsev_fire","Atwell","Sequoia and Kings Canyon National Parks","National Park Service",25.2,"2021KNP_Comp"
"393",2021,"modsev_fire","Big Springs","Sequoia and Kings Canyon National Parks","National Park Service",0.5,"2021KNP_Comp"
"394",2021,"modsev_fire","Castle Creek","Sequoia and Kings Canyon National Parks","National Park Service",45.6,"2021KNP_Comp"
"395",2021,"modsev_fire","Douglass","Sequoia and Kings Canyon National Parks","National Park Service",0.3,"2021KNP_Comp"
"396",2021,"modsev_fire","East Fork","Sequoia and Kings Canyon National Parks","National Park Service",0.6,"2021KNP_Comp"
"397",2021,"modsev_fire","Fenced Tree","Sequoia and Kings Canyon National Parks","National Park Service",0,"2021KNP_Comp"
"398",2021,"modsev_fire","Giant Forest","Sequoia and Kings Canyon National Parks","National Park Service",35.1,"2021KNP_Comp"
"399",2021,"modsev_fire","Lost","Sequoia and Kings Canyon National Parks","National Park Service",0.2,"2021KNP_Comp"
"400",2021,"modsev_fire","Muir","Sequoia and Kings Canyon National Parks","National Park Service",21.1,"2021KNP_Comp"
"401",2021,"modsev_fire","New Oriole Lake","Sequoia and Kings Canyon National Parks","National Park Service",2.9,"2021KNP_Comp"
"402",2021,"modsev_fire","Oriole Lake","Sequoia and Kings Canyon National Parks","National Park Service",8.5,"2021KNP_Comp"
"403",2021,"modsev_fire","Pine Ridge","Sequoia and Kings Canyon National Parks","National Park Service",5.7,"2021KNP_Comp"
"404",2021,"modsev_fire","Redwood Creek","Sequoia and Kings Canyon National Parks","National Park Service",3.6,"2021KNP_Comp"
"405",2021,"modsev_fire","Redwood Mountain","Sequoia and Kings Canyon National Parks","National Park Service",216.6,"2021KNP_Comp"
"406",2021,"modsev_fire","Skagway","Sequoia and Kings Canyon National Parks","National Park Service",2.4,"2021KNP_Comp"
"407",2021,"modsev_fire","Squirrel Creek","Sequoia and Kings Canyon National Parks","National Park Service",0.7,"2021KNP_Comp"
"408",2021,"modsev_fire","Suwanee","Sequoia and Kings Canyon National Parks","National Park Service",19.3,"2021KNP_Comp"
"409",2021,"modsev_fire","Black Mountain","Private","Private",0.2,"2021WINDY"
"410",2021,"modsev_fire","Redwood Mountain","Private","Private",0,"2021KNP_Comp"
"411",2021,"modsev_fire","Redwood Mountain","Whittaker's Forest","UC Berkeley Center for Forestry",6.3,"2021KNP_Comp"
"412",2021,"modsev_fire","Black Mountain","Giant Sequoia National Monument","US Forest Service",0.3,"2021WINDY"
"413",2021,"modsev_fire","Cunningham","Giant Sequoia National Monument","US Forest Service",0.2,"2021WINDY"
"414",2021,"modsev_fire","Deer Creek","Giant Sequoia National Monument","US Forest Service",1.5,"2021WINDY"
"415",2021,"modsev_fire","Long Meadow","Giant Sequoia National Monument","US Forest Service",34.5,"2021WINDY"
"416",2021,"modsev_fire","Packsaddle","Giant Sequoia National Monument","US Forest Service",32.4,"2021WINDY"
"417",2021,"modsev_fire","Peyrone","Giant Sequoia National Monument","US Forest Service",50.1,"2021WINDY"
"418",2021,"modsev_fire","Powderhorn Tree","Giant Sequoia National Monument","US Forest Service",0,"2021WINDY"
"419",2021,"modsev_fire","Redhill","Giant Sequoia National Monument","US Forest Service",85.6,"2021WINDY"
"420",2021,"modsev_fire","Redwood Mountain","Giant Sequoia National Monument","US Forest Service",15.8,"2021KNP_Comp"
"421",2021,"modsev_fire","South Peyrone","Giant Sequoia National Monument","US Forest Service",6.8,"2021WINDY"
"422",2021,"modsev_fire","Starvation Creek","Giant Sequoia National Monument","US Forest Service",0.3,"2021WINDY"
"423",2021,"undetected_change","Atwell","Sequoia and Kings Canyon National Parks","National Park Service",23.1,"2021KNP_Comp"
"424",2021,"undetected_change","East Fork","Sequoia and Kings Canyon National Parks","National Park Service",0.5,"2021KNP_Comp"
"425",2021,"undetected_change","Fenced Tree","Sequoia and Kings Canyon National Parks","National Park Service",0,"2021KNP_Comp"
"426",2021,"undetected_change","Giant Forest","Sequoia and Kings Canyon National Parks","National Park Service",50.5,"2021KNP_Comp"
"427",2021,"undetected_change","Lost","Sequoia and Kings Canyon National Parks","National Park Service",6.3,"2021KNP_Comp"
"428",2021,"undetected_change","Muir","Sequoia and Kings Canyon National Parks","National Park Service",3.4,"2021KNP_Comp"
"429",2021,"undetected_change","Oriole Lake","Sequoia and Kings Canyon National Parks","National Park Service",0.5,"2021KNP_Comp"
"430",2021,"undetected_change","Pine Ridge","Sequoia and Kings Canyon National Parks","National Park Service",0.1,"2021KNP_Comp"
"431",2021,"undetected_change","Redwood Creek","Sequoia and Kings Canyon National Parks","National Park Service",0.4,"2021KNP_Comp"
"432",2021,"undetected_change","Redwood Mountain","Sequoia and Kings Canyon National Parks","National Park Service",167.7,"2021KNP_Comp"
"433",2021,"undetected_change","Skagway","Sequoia and Kings Canyon National Parks","National Park Service",1.2,"2021KNP_Comp"
"434",2021,"undetected_change","Squirrel Creek","Sequoia and Kings Canyon National Parks","National Park Service",0,"2021KNP_Comp"
"435",2021,"undetected_change","Black Mountain","Private","Private",0.3,"2021WINDY"
"436",2021,"undetected_change","Redwood Mountain","Private","Private",0.2,"2021KNP_Comp"
"437",2021,"undetected_change","Redwood Mountain","Whittaker's Forest","UC Berkeley Center for Forestry",51.4,"2021KNP_Comp"
"438",2021,"undetected_change","Black Mountain","Giant Sequoia National Monument","US Forest Service",5.3,"2021WINDY"
"439",2021,"undetected_change","Cunningham","Giant Sequoia National Monument","US Forest Service",0.8,"2021WINDY"
"440",2021,"undetected_change","Long Meadow","Giant Sequoia National Monument","US Forest Service",1.1,"2021WINDY"
"441",2021,"undetected_change","Peyrone","Giant Sequoia National Monument","US Forest Service",0.1,"2021WINDY"
"442",2021,"undetected_change","Redwood Mountain","Giant Sequoia National Monument","US Forest Service",9.6,"2021KNP_Comp"
"443",2022,"highsev_fire","Mariposa","Yosemite National Park","National Park Service",0,"2022WASHBURN"
"444",2022,"lowsev_fire","Mariposa","Yosemite National Park","National Park Service",2,"2022WASHBURN"
"445",2022,"lowsev_fire","Placer County Big Trees","Tahoe National Forest","US Forest Service",0.6,"2022MOSQUITO"
"446",2022,"modsev_fire","Mariposa","Yosemite National Park","National Park Service",0.8,"2022WASHBURN"
"447",2022,"undetected_change","Mariposa","Yosemite National Park","National Park Service",0.7,"2022WASHBURN"
"448",2022,"undetected_change","Placer County Big Trees","Tahoe National Forest","US Forest Service",0.3,"2022MOSQUITO"
"449",2023,"lowsev_fire","Granite Creek","Sequoia and Kings Canyon National Parks","National Park Service",0.3,"2023REDWOOD"
"450",2023,"lowsev_fire","Little Redwood Meadow","Sequoia and Kings Canyon National Parks","National Park Service",3,"2023REDWOOD"
"451",2023,"lowsev_fire","Redwood Meadow","Sequoia and Kings Canyon National Parks","National Park Service",32.5,"2023REDWOOD"
"452",2023,"modsev_fire","Redwood Meadow","Sequoia and Kings Canyon National Parks","National Park Service",2.3,"2023REDWOOD"
"453",2023,"undetected_change","Granite Creek","Sequoia and Kings Canyon National Parks","National Park Service",0.2,"2023REDWOOD"
"454",2023,"undetected_change","Little Redwood Meadow","Sequoia and Kings Canyon National Parks","National Park Service",8.3,"2023REDWOOD"
"455",2023,"undetected_change","Redwood Meadow","Sequoia and Kings Canyon National Parks","National Park Service",29.4,"2023REDWOOD"
"456",2024,"highsev_fire","Coffee Pot","Bureau of Land Management","Bureau of Land Management",0,"2024COFFEEPOT"
"457",2024,"highsev_fire","Ladybug","Bureau of Land Management","Bureau of Land Management",0.1,"2024COFFEEPOT"
"458",2024,"highsev_fire","Monache Tubs","Bureau of Land Management","Bureau of Land Management",0.2,"2024COFFEEPOT"
"459",2024,"highsev_fire","Nutmeg","Bureau of Land Management","Bureau of Land Management",2.2,"2024COFFEEPOT"
"460",2024,"highsev_fire","Eden Creek","Sequoia and Kings Canyon National Parks","National Park Service",0.4,"2024COFFEEPOT"
"461",2024,"highsev_fire","Surprise","Sequoia and Kings Canyon National Parks","National Park Service",1,"2024COFFEEPOT"
"462",2024,"highsev_fire","Coffee Pot","Private","Private",0.7,"2024COFFEEPOT"
"463",2024,"highsev_fire","Monache Tubs","Private","Private",3.1,"2024COFFEEPOT"
"464",2024,"highsev_fire","Nutmeg","Private","Private",0.6,"2024COFFEEPOT"
"465",2024,"highsev_fire","Salt Creek Ridge","Private","Private",0,"2024COFFEEPOT"
"466",2024,"lowsev_fire","Coffee Pot","Bureau of Land Management","Bureau of Land Management",2.5,"2024COFFEEPOT"
"467",2024,"lowsev_fire","Ladybug","Bureau of Land Management","Bureau of Land Management",0,"2024COFFEEPOT"
"468",2024,"lowsev_fire","Monache Tubs","Bureau of Land Management","Bureau of Land Management",2.9,"2024COFFEEPOT"
"469",2024,"lowsev_fire","Nutmeg","Bureau of Land Management","Bureau of Land Management",2.7,"2024COFFEEPOT"
"470",2024,"lowsev_fire","Coffeepot Canyon","Sequoia and Kings Canyon National Parks","National Park Service",2.2,"2024COFFEEPOT"
"471",2024,"lowsev_fire","Eden Creek","Sequoia and Kings Canyon National Parks","National Park Service",86.1,"2024COFFEEPOT"
"472",2024,"lowsev_fire","Surprise","Sequoia and Kings Canyon National Parks","National Park Service",3.8,"2024COFFEEPOT"
"473",2024,"lowsev_fire","Coffee Pot","Private","Private",8.8,"2024COFFEEPOT"
"474",2024,"lowsev_fire","Monache Tubs","Private","Private",0.3,"2024COFFEEPOT"
"475",2024,"lowsev_fire","Nutmeg","Private","Private",10.5,"2024COFFEEPOT"
"476",2024,"lowsev_fire","Salt Creek Ridge","Private","Private",8.8,"2024COFFEEPOT"
"477",2024,"modsev_fire","Coffee Pot","Bureau of Land Management","Bureau of Land Management",0.5,"2024COFFEEPOT"
"478",2024,"modsev_fire","Ladybug","Bureau of Land Management","Bureau of Land Management",0.5,"2024COFFEEPOT"
"479",2024,"modsev_fire","Monache Tubs","Bureau of Land Management","Bureau of Land Management",3.3,"2024COFFEEPOT"
"480",2024,"modsev_fire","Nutmeg","Bureau of Land Management","Bureau of Land Management",4.2,"2024COFFEEPOT"
"481",2024,"modsev_fire","Coffeepot Canyon","Sequoia and Kings Canyon National Parks","National Park Service",0.2,"2024COFFEEPOT"
"482",2024,"modsev_fire","Eden Creek","Sequoia and Kings Canyon National Parks","National Park Service",15.8,"2024COFFEEPOT"
"483",2024,"modsev_fire","Surprise","Sequoia and Kings Canyon National Parks","National Park Service",4.3,"2024COFFEEPOT"
"484",2024,"modsev_fire","Coffee Pot","Private","Private",1,"2024COFFEEPOT"
"485",2024,"modsev_fire","Ladybug","Private","Private",0.3,"2024COFFEEPOT"
"486",2024,"modsev_fire","Monache Tubs","Private","Private",0.3,"2024COFFEEPOT"
"487",2024,"modsev_fire","Nutmeg","Private","Private",4.9,"2024COFFEEPOT"
"488",2024,"modsev_fire","Salt Creek Ridge","Private","Private",2.4,"2024COFFEEPOT"
"489",2024,"undetected_change","Coffee Pot","Bureau of Land Management","Bureau of Land Management",0.2,"2024COFFEEPOT"
"490",2024,"undetected_change","Monache Tubs","Bureau of Land Management","Bureau of Land Management",0.1,"2024COFFEEPOT"
"491",2024,"undetected_change","Nutmeg","Bureau of Land Management","Bureau of Land Management",0.4,"2024COFFEEPOT"
"492",2024,"undetected_change","Coffeepot Canyon","Sequoia and Kings Canyon National Parks","National Park Service",0.1,"2024COFFEEPOT"
"493",2024,"undetected_change","Eden Creek","Sequoia and Kings Canyon National Parks","National Park Service",73.7,"2024COFFEEPOT"
"494",2024,"undetected_change","Surprise","Sequoia and Kings Canyon National Parks","National Park Service",0,"2024COFFEEPOT"
"495",2024,"undetected_change","Coffee Pot","Private","Private",1.1,"2024COFFEEPOT"
"496",2024,"undetected_change","Monache Tubs","Private","Private",0,"2024COFFEEPOT"
"497",2024,"undetected_change","Nutmeg","Private","Private",1.2,"2024COFFEEPOT"
"498",2024,"undetected_change","Salt Creek Ridge","Private","Private",0.6,"2024COFFEEPOT"
